example_id,category,dist_lit_intent,dist_lit_facet,dist_facet_intent,hold_fact,hold_facet,hold_intent,rounds_to_converge
clamber_2022,Epistemic,0.0,0.8333746045827866,0.8333746045827866,0,1,1,3
clamber_2265,Epistemic,0.0,0.2453051209449768,0.2453051209449768,0,0,0,1
clamber_2325,Epistemic,0.1195560097694397,0.6496564149856567,0.7086820006370544,0,1,0,3
clamber_2171,Epistemic,0.6730518043041229,0.42962878942489624,0.6545741558074951,0,1,1,3
clamber_2024,Epistemic,0.4488486051559448,0.4488486051559448,0.0,1,1,0,3
clamber_2131,Epistemic,0.896281287074089,0.8644911646842957,0.33304905891418457,0,1,0,3
clamber_274,Epistemic,0.2919561266899109,0.11448121070861816,0.24548184871673584,1,0,0,3
clamber_285,Epistemic,0.36513274908065796,0.41577911376953125,0.2574429512023926,0,0,0,1
clamber_286,Epistemic,0.27907347679138184,0.209114670753479,0.35724371671676636,1,0,0,3
clamber_215,Epistemic,0.5217168033123016,0.517034113407135,0.2948042154312134,1,1,0,3
clamber_323,Epistemic,0.2050352692604065,0.22378337383270264,0.08424699306488037,1,1,1,3
clamber_187,Epistemic,0.20840203762054443,0.23250031471252441,0.24281448125839233,1,1,1,3
clamber_262,Epistemic,0.29179608821868896,0.2543677091598511,0.1339210867881775,1,1,1,3
clamber_2367,Epistemic,0.0,0.39179766178131104,0.39179766178131104,1,0,1,3
clamber_2161,Epistemic,0.19815456867218018,0.32704365253448486,0.3234841227531433,1,1,0,3
clamber_2352,Epistemic,0.0,0.21728789806365967,0.21728789806365967,0,0,1,3
clamber_242,Epistemic,0.18566614389419556,0.2561644911766052,0.15127062797546387,1,1,1,3
clamber_2058,Epistemic,0.0,0.35991209745407104,0.35991209745407104,1,1,1,3
clamber_329,Epistemic,0.15534693002700806,0.12354773283004761,0.08558624982833862,1,0,1,3
clamber_194,Epistemic,0.4232877492904663,1.0,0.8491129279136658,0,0,0,3
clamber_227,Epistemic,0.4093325138092041,0.42335546016693115,0.12465083599090576,1,0,1,3
clamber_2381,Epistemic,0.0,0.3688321113586426,0.3688321113586426,1,0,1,3
clamber_267,Epistemic,0.4271954894065857,0.2531543970108032,0.2994539737701416,1,0,1,3
clamber_2393,Epistemic,0.0,0.38437265157699585,0.38437265157699585,0,0,0,1
clamber_2141,Epistemic,0.8333746045827866,0.8858661949634552,0.40622150897979736,1,0,0,3
clamber_310,Epistemic,0.39949923753738403,0.9729635585099459,0.8075879514217377,1,0,0,3
clamber_2048,Epistemic,0.8333746045827866,0.0,0.8333746045827866,0,1,1,3
clamber_176,Epistemic,0.37551915645599365,0.2186363935470581,0.24920201301574707,1,0,0,3
clamber_2124,Epistemic,0.0,0.0,0.0,1,0,0,3
clamber_2122,Epistemic,0.8333746045827866,0.0,0.8333746045827866,1,1,0,3
clamber_2388,Epistemic,0.3546738624572754,0.6388944387435913,0.16261416673660278,1,0,1,3
clamber_2063,Epistemic,0.8333746045827866,0.8624703586101532,0.4469982981681824,1,1,0,3
clamber_298,Epistemic,0.11651909351348877,0.395219624042511,0.31756091117858887,1,0,1,3
clamber_395,Epistemic,0.3203081488609314,0.4439051151275635,0.3636961579322815,1,0,1,3
clamber_243,Epistemic,0.12932854890823364,0.12182313203811646,0.1621396541595459,1,0,0,3
clamber_309,Epistemic,0.499267578125,0.2899307608604431,0.3926328420639038,0,0,1,3
clamber_313,Epistemic,0.34618353843688965,0.5844083726406097,0.352599561214447,0,0,1,3
clamber_2291,Epistemic,0.1286238431930542,0.6132457256317139,0.5790742635726929,0,1,1,3
clamber_2360,Epistemic,0.0,0.3399113416671753,0.3399113416671753,1,0,1,3
clamber_357,Epistemic,0.3115997314453125,0.5915070474147797,0.3307989835739136,1,1,1,3
clamber_2362,Epistemic,0.0,0.3575340509414673,0.3575340509414673,1,0,0,3
clamber_339,Epistemic,0.16763311624526978,0.15605533123016357,0.1559174656867981,1,1,1,3
clamber_266,Epistemic,0.4458100199699402,0.5517278015613556,0.26265227794647217,0,1,0,3
clamber_241,Epistemic,0.38756418228149414,0.28788697719573975,0.20576119422912598,1,0,1,3
clamber_272,Epistemic,0.8968679308891296,0.5042726993560791,0.7844817191362381,1,1,0,3
clamber_205,Epistemic,0.3404195308685303,0.497090220451355,0.44184714555740356,0,0,0,3
clamber_346,Epistemic,0.33739662170410156,1.0,0.8923053368926048,1,1,1,3
clamber_202,Epistemic,0.3093124032020569,0.8332547843456268,0.7615973800420761,1,1,1,3
clamber_372,Epistemic,0.1777111291885376,0.9873560555279255,0.8783298656344414,1,0,1,3
clamber_2251,Epistemic,0.42670297622680664,0.5309839844703674,0.7355117797851562,0,0,0,3
clamber_380,Epistemic,0.26837658882141113,0.2969428300857544,0.2069685459136963,1,0,0,3
clamber_2350,Epistemic,0.8333746045827866,0.8920238465070724,0.1195560097694397,1,0,0,3
clamber_2280,Epistemic,0.0,0.36955535411834717,0.36955535411834717,1,0,0,3
clamber_231,Epistemic,0.1460278034210205,0.11459219455718994,0.12557309865951538,1,1,1,3
clamber_2045,Epistemic,0.39415252208709717,0.39415252208709717,0.0,0,1,0,3
clamber_259,Epistemic,0.20336300134658813,0.9027989208698273,0.7808233499526978,0,0,1,3
clamber_224,Epistemic,0.5092944204807281,0.4754934310913086,0.2742425799369812,0,1,0,3
clamber_371,Epistemic,0.26477640867233276,0.08155417442321777,0.29225456714630127,1,0,1,3
clamber_2110,Epistemic,0.0,0.0,0.0,1,0,1,3
clamber_2192,Epistemic,0.0,0.6326386332511902,0.6326386332511902,0,0,0,3
clamber_212,Epistemic,0.2560768127441406,0.2965034246444702,0.23551827669143677,1,0,0,3
clamber_350,Epistemic,0.40664035081863403,0.7360986471176147,0.35464465618133545,1,1,1,3
clamber_321,Epistemic,0.2142646312713623,0.2015894651412964,0.2807157039642334,0,1,1,3
clamber_268,Epistemic,0.1517277956008911,0.417411208152771,0.5809144973754883,1,1,0,3
clamber_2136,Epistemic,0.0,0.5905821323394775,0.5905821323394775,1,0,1,3
clamber_295,Epistemic,0.5968694686889648,0.5440908670425415,0.08334589004516602,1,1,1,3
clamber_2307,Epistemic,0.0,0.34819507598876953,0.34819507598876953,0,0,1,3
clamber_213,Epistemic,0.1932227611541748,0.29620909690856934,0.1788141131401062,1,0,1,3
clamber_2386,Epistemic,0.21728789806365967,0.38173043727874756,0.12787926197052002,1,1,1,3
clamber_263,Epistemic,0.23040181398391724,0.2794607877731323,0.21944290399551392,1,1,1,3
clamber_2052,Epistemic,0.0,0.0,0.0,1,0,1,3
clamber_2338,Epistemic,0.0,0.2599089741706848,0.2599089741706848,1,1,1,3
clamber_2248,Epistemic,0.40622150897979736,0.45585858821868896,0.05580437183380127,1,1,1,3
clamber_2376,Epistemic,0.8333746045827866,0.3926965594291687,0.9095085114240646,1,0,0,3
clamber_2094,Epistemic,0.0,0.0,0.0,1,0,1,3
clamber_338,Epistemic,0.3467426300048828,0.4896649718284607,0.3897014856338501,0,0,0,3
clamber_230,Epistemic,0.16331303119659424,0.14270442724227905,0.1364535093307495,1,0,1,3
clamber_2186,Epistemic,0.3205803632736206,0.38526517152786255,0.14869898557662964,0,0,0,3
clamber_182,Epistemic,0.16140961647033691,0.19512611627578735,0.0834726095199585,0,1,1,3
clamber_375,Epistemic,0.4556533694267273,0.35539495944976807,0.4476360082626343,1,0,1,3
clamber_180,Epistemic,0.18633431196212769,0.1956392526626587,0.17130202054977417,0,1,0,3
clamber_198,Epistemic,0.2101699709892273,0.8263788521289825,0.8318996727466583,1,1,0,3
clamber_2099,Epistemic,0.0,0.11833983659744263,0.11833983659744263,0,1,0,3
clamber_2007,Epistemic,0.4488486051559448,0.9167639911174774,0.8333746045827866,0,1,0,3
clamber_2150,Epistemic,0.4578559398651123,0.5171136558055878,0.01113438606262207,0,0,1,3
clamber_2066,Epistemic,0.8333746045827866,0.9138858392834663,0.36824214458465576,0,0,0,1
clamber_2204,Epistemic,0.8333746045827866,0.9038972109556198,0.5276187360286713,0,1,1,3
clamber_2096,Epistemic,0.6693983674049377,0.8126638829708099,0.9772782772779465,1,0,1,3
clamber_250,Epistemic,0.1467793583869934,0.2323700189590454,0.26970767974853516,1,0,0,3
clamber_303,Epistemic,0.1483803391456604,0.26310133934020996,0.1799008846282959,1,1,0,3
clamber_280,Epistemic,0.201976478099823,0.10982632637023926,0.1809491515159607,0,0,0,3
clamber_2040,Epistemic,0.9010012894868851,0.857741191983223,0.24680185317993164,0,1,1,3
clamber_2081,Epistemic,0.9167639911174774,0.9607551619410515,0.33142805099487305,1,0,1,3
clamber_2236,Epistemic,0.1195560097694397,0.46767300367355347,0.3683350086212158,0,1,1,3
clamber_2275,Epistemic,0.9713116586208344,0.9337059184908867,0.1404934525489807,0,1,0,3
clamber_379,Epistemic,0.3979341983795166,0.9151100069284439,0.8644077926874161,0,0,1,3
clamber_315,Epistemic,0.4316200017929077,0.8364524096250534,0.7851549983024597,0,0,0,3
clamber_2349,Epistemic,0.9860569387674332,0.5383102893829346,0.878926195204258,1,0,1,3
clamber_929,Facet,0.2679905295372009,0.4986705780029297,0.37697094678878784,0,1,1,3
clamber_2358,Epistemic,0.0,0.8695319890975952,0.8695319890975952,1,0,0,3
clamber_265,Epistemic,0.3707648515701294,0.22039467096328735,0.22596192359924316,1,0,0,3
clamber_146,Facet,0.267300546169281,0.49832773208618164,0.5033222436904907,1,0,1,3
clamber_104,Facet,0.1424991488456726,0.2185227870941162,0.2893185615539551,1,1,0,3
clamber_1141,Facet,0.13135743141174316,0.9875702690333128,0.9773102719336748,0,1,0,3
clamber_644,Facet,0.22987794876098633,0.13339388370513916,0.10725998878479004,1,1,0,3
clamber_13,Facet,0.26386773586273193,0.23343342542648315,0.2687360644340515,1,1,0,3
clamber_159,Facet,0.3660259246826172,0.34922897815704346,0.14135122299194336,1,0,0,3
clamber_766,Facet,0.14956378936767578,0.46186041831970215,0.40290021896362305,0,0,0,3
clamber_1003,Facet,0.09972953796386719,0.15326768159866333,0.16216713190078735,1,1,0,3
clamber_76,Facet,0.2884068489074707,0.38406068086624146,0.2502942681312561,0,1,0,3
clamber_105,Facet,0.3867384195327759,0.9443834871053696,0.8302373290061951,1,1,0,3
clamber_840,Facet,0.35128313302993774,0.8647794425487518,0.7707103043794632,1,0,0,3
clamber_862,Facet,0.8809409365057945,0.5153957307338715,0.469765305519104,1,1,0,3
clamber_145,Facet,0.3325234055519104,0.35237598419189453,0.2706172466278076,1,1,0,3
clamber_1180,Facet,0.30314260721206665,0.11752474308013916,0.2843210697174072,1,0,1,3
clamber_679,Facet,0.27826547622680664,0.2813929319381714,0.25403910875320435,1,0,1,3
clamber_42,Facet,0.1538677215576172,0.39110255241394043,0.3899887800216675,0,0,0,3
clamber_705,Facet,0.09532082080841064,0.33519142866134644,0.28699684143066406,1,0,1,3
clamber_647,Facet,0.24798297882080078,0.46116137504577637,0.2517123818397522,1,1,1,3
clamber_1179,Facet,0.16166925430297852,0.2374843955039978,0.18313968181610107,0,1,0,3
clamber_114,Facet,0.3725239038467407,0.5741403996944427,0.334197998046875,0,0,1,3
clamber_1090,Facet,0.2561398148536682,0.3673831820487976,0.19279718399047852,1,0,1,3
clamber_3,Facet,0.35458481311798096,0.1015210747718811,0.35247802734375,1,1,0,3
clamber_1194,Facet,0.27184969186782837,0.290899395942688,0.20103836059570312,1,0,0,3
clamber_861,Facet,0.15858447551727295,0.2534582018852234,0.13459992408752441,1,1,1,3
clamber_588,Facet,0.15734827518463135,0.12378072738647461,0.1812981367111206,1,0,1,3
clamber_1097,Facet,0.876270592212677,0.8205338269472122,0.7557914555072784,1,1,1,3
clamber_95,Facet,0.3868293762207031,0.4284478425979614,0.17795312404632568,1,0,1,3
clamber_1125,Facet,0.5315119624137878,0.44441717863082886,0.3778846263885498,1,0,0,3
clamber_1193,Facet,0.14509189128875732,0.22008967399597168,0.16407400369644165,1,0,0,3
clamber_958,Facet,0.36655962467193604,0.3544487953186035,0.2055666446685791,0,0,0,3
clamber_623,Facet,0.223558247089386,0.2407776117324829,0.24035096168518066,1,0,0,3
clamber_731,Facet,0.20776116847991943,0.7981773316860199,0.8164829909801483,1,1,1,3
clamber_110,Facet,0.2611103057861328,0.3206331133842468,0.282651424407959,1,1,0,3
clamber_656,Facet,0.08839941024780273,0.3617987632751465,0.3561595678329468,0,0,0,3
clamber_983,Facet,0.27009403705596924,0.11200106143951416,0.2702014446258545,1,0,0,3
clamber_585,Facet,0.8320504575967789,0.18050134181976318,0.7720292955636978,1,0,0,3
clamber_968,Facet,0.37870335578918457,0.5360409021377563,0.22024965286254883,0,0,1,3
clamber_1058,Facet,0.24985837936401367,0.3898887038230896,0.23088181018829346,1,1,0,3
clamber_752,Facet,0.37056994438171387,0.6918516755104065,0.5292100012302399,0,1,1,3
clamber_1044,Facet,0.2450195550918579,0.6090967059135437,0.49630939960479736,1,0,0,3
clamber_41,Facet,0.43371641635894775,0.5327781736850739,0.2561318874359131,1,0,1,3
clamber_857,Facet,0.45231711864471436,0.3701837658882141,0.2651779055595398,0,0,0,3
clamber_1149,Facet,0.5486195981502533,0.6333134174346924,0.33229923248291016,1,1,1,3
clamber_645,Facet,0.695922315120697,0.577212929725647,0.5268521904945374,0,1,0,3
clamber_35,Facet,0.3654334545135498,0.434883713722229,0.3190019726753235,1,1,0,3
clamber_137,Facet,0.08745872974395752,0.4272524118423462,0.33977144956588745,0,0,1,3
clamber_1007,Facet,0.27211761474609375,0.7242450416088104,0.6360906064510345,1,1,1,3
clamber_1027,Facet,0.31160426139831543,0.0528181791305542,0.28266996145248413,1,0,1,3
clamber_85,Facet,0.0718545913696289,0.2266852855682373,0.28907954692840576,0,1,0,3
clamber_625,Facet,0.2775859236717224,0.935559831559658,0.8066259920597076,1,0,1,3
clamber_717,Facet,0.3479238748550415,0.34433144330978394,0.2780193090438843,1,1,0,3
clamber_133,Facet,0.20457398891448975,0.29495084285736084,0.34196019172668457,1,1,1,3
clamber_720,Facet,0.8981951847672462,0.5522617995738983,0.5881406962871552,0,0,0,3
clamber_1124,Facet,0.29677677154541016,0.52726811170578,0.42944061756134033,1,0,0,3
clamber_1183,Facet,0.2439258098602295,0.183754563331604,0.15476638078689575,1,0,0,3
clamber_848,Facet,0.2719140648841858,0.26769405603408813,0.2927517294883728,0,1,0,3
clamber_675,Facet,0.41860395669937134,0.21554166078567505,0.2894696593284607,1,0,0,3
clamber_591,Facet,0.3450238108634949,0.38396865129470825,0.1621798276901245,0,0,1,3
clamber_659,Facet,0.27822476625442505,0.21841168403625488,0.324198842048645,1,1,1,3
clamber_103,Facet,0.23305785655975342,0.10268616676330566,0.18961358070373535,1,1,1,3
clamber_638,Facet,0.35959506034851074,0.37548476457595825,0.3134700655937195,0,1,0,3
clamber_816,Facet,0.2068777084350586,0.26547861099243164,0.40237462520599365,0,0,0,3
clamber_1111,Facet,0.5267495214939117,0.47165608406066895,0.14678865671157837,0,0,0,3
clamber_1181,Facet,0.4305489659309387,0.9481992423534393,0.8585772216320038,1,0,0,3
clamber_109,Facet,0.2053070068359375,0.26224642992019653,0.14457130432128906,1,0,0,3
clamber_1093,Facet,0.4069211483001709,0.5798696875572205,0.25995445251464844,1,0,0,3
clamber_93,Facet,0.12611991167068481,0.3626977205276489,0.30055737495422363,1,0,0,3
clamber_787,Facet,0.4301633834838867,0.9670040719211102,0.8030383586883545,0,0,1,3
clamber_1134,Facet,0.10924911499023438,0.09052133560180664,0.21641844511032104,1,0,0,3
clamber_8,Facet,0.3383590579032898,0.2569657564163208,0.2813650965690613,1,0,1,3
clamber_802,Facet,0.21968340873718262,0.41677558422088623,0.22336643934249878,0,0,0,3
clamber_939,Facet,0.22331655025482178,0.2900834083557129,0.29686856269836426,1,0,0,3
clamber_951,Facet,0.2475215196609497,0.29445719718933105,0.31137192249298096,1,0,0,3
clamber_797,Facet,0.2584550380706787,0.2045685052871704,0.20790636539459229,1,0,0,3
clamber_867,Facet,0.357563853263855,0.44791603088378906,0.19562208652496338,1,0,0,3
clamber_709,Facet,0.1644076108932495,0.2671496868133545,0.16212356090545654,0,0,0,3
clamber_948,Facet,0.29769325256347656,0.3186243772506714,0.23671376705169678,0,0,0,3
clamber_1094,Facet,0.3782602548599243,0.31368714570999146,0.14639604091644287,1,0,0,3
clamber_945,Facet,0.43569475412368774,0.42157745361328125,0.15483969449996948,1,0,0,3
clamber_768,Facet,0.14054906368255615,0.27931976318359375,0.17670607566833496,0,1,0,3
clamber_1199,Facet,0.2737807631492615,0.6824184656143188,0.4892815351486206,1,1,1,3
clamber_1131,Facet,0.30751723051071167,0.892083965241909,0.8770733624696732,1,0,1,3
clamber_854,Facet,0.31580471992492676,0.4089432954788208,0.366981565952301,0,0,1,3
clamber_97,Facet,0.252896249294281,0.23886585235595703,0.06485217809677124,1,1,1,3
clamber_685,Facet,0.443215548992157,0.0,0.443215548992157,1,1,0,3
clamber_863,Facet,0.23943185806274414,0.301033079624176,0.20547044277191162,1,1,0,3
clamber_706,Facet,0.21036672592163086,0.34360820055007935,0.17286831140518188,1,0,0,3
clamber_52,Facet,0.5567736923694611,0.6507724523544312,0.399502158164978,0,0,0,3
clamber_676,Facet,0.5129511952400208,0.5528403520584106,0.26759421825408936,0,1,0,3
clamber_1109,Facet,0.20464599132537842,0.1917797327041626,0.18022680282592773,1,0,0,3
clamber_81,Facet,0.20230579376220703,0.3730955719947815,0.33659398555755615,1,0,0,3
clamber_611,Facet,0.2440425157546997,0.23899739980697632,0.19569051265716553,1,1,1,3
clamber_733,Facet,0.3810168504714966,0.26751410961151123,0.37068915367126465,1,1,1,3
clamber_782,Facet,0.34427428245544434,0.34278374910354614,0.2083730697631836,1,0,0,3
clamber_14,Facet,0.04827618598937988,0.08006894588470459,0.09903174638748169,1,1,0,3
clamber_760,Facet,0.20639967918395996,0.42938071489334106,0.24501609802246094,1,0,0,3
clamber_699,Facet,0.30933094024658203,0.4307813048362732,0.279433012008667,1,0,1,3
clamber_883,Intent,0.0,0.70014488697052,0.70014488697052,0,1,1,3
clamber_920,Facet,0.24919700622558594,0.35960376262664795,0.24892020225524902,0,0,0,3
clamber_111,Facet,0.6702063679695129,0.32993900775909424,0.3215519189834595,1,0,1,3
clamber_62,Intent,0.16485393047332764,0.34145301580429077,0.44328248500823975,1,0,0,3
clamber_127,Intent,0.1648184061050415,0.36181116104125977,0.23872947692871094,1,1,1,3
clamber_1101,Intent,0.19252538681030273,0.7897208333015442,0.6820948123931885,0,0,0,3
clamber_975,Intent,0.382896363735199,0.23508620262145996,0.27538979053497314,1,1,0,3
clamber_936,Intent,0.14173704385757446,0.12906217575073242,0.13898223638534546,1,0,0,3
clamber_171,Intent,0.5509220957756042,0.5097798705101013,0.4960514307022095,1,0,1,3
clamber_690,Intent,0.3118240237236023,0.4803372621536255,0.3157927989959717,1,0,0,3
clamber_1130,Intent,0.36072444915771484,0.9064797312021255,0.7525280267000198,0,0,1,3
clamber_1140,Intent,0.6560350954532623,0.6069097518920898,0.339077353477478,1,0,0,3
clamber_677,Intent,0.25500065088272095,0.39858192205429077,0.31723976135253906,1,1,1,3
clamber_1157,Intent,0.2607673406600952,0.09032303094863892,0.3034634590148926,0,0,1,3
clamber_757,Intent,0.19477027654647827,0.06464314460754395,0.23547160625457764,1,0,1,3
clamber_1116,Intent,0.40962839126586914,0.420745313167572,0.21814924478530884,0,1,0,3
clamber_1148,Intent,0.3601607084274292,0.28402090072631836,0.36427944898605347,1,1,0,3
clamber_1165,Intent,0.7378069162368774,0.42083340883255005,0.3541529178619385,1,1,0,3
clamber_614,Intent,0.1669030785560608,0.26027369499206543,0.23726367950439453,1,1,1,3
clamber_785,Intent,0.16165727376937866,0.8647290170192719,0.7557556629180908,0,0,1,3
clamber_65,Intent,0.18918514251708984,0.8944882825016975,0.9247762262821198,0,1,0,3
clamber_687,Intent,0.29279911518096924,0.2900131940841675,0.18131327629089355,0,0,1,3
clamber_965,Intent,0.23394989967346191,0.402618408203125,0.19338452816009521,0,0,0,3
clamber_1086,Intent,0.23454183340072632,0.24264371395111084,0.16436249017715454,0,1,0,3
clamber_870,Intent,0.22745966911315918,0.19143354892730713,0.1515028476715088,0,0,0,3
clamber_1075,Intent,0.43405652046203613,0.7766513675451279,0.9254105761647224,1,1,1,3
clamber_669,Intent,0.31986939907073975,0.41383349895477295,0.3114200234413147,1,1,0,3
clamber_630,Intent,0.3694155216217041,0.3497738838195801,0.09534972906112671,1,1,0,3
clamber_966,Intent,0.23402494192123413,0.3331536650657654,0.22968417406082153,1,0,0,3
clamber_686,Intent,0.30534887313842773,0.45420050621032715,0.3466489315032959,1,1,0,3
clamber_30,Intent,0.5804391205310822,0.6397610902786255,0.27515602111816406,0,0,0,3
clamber_793,Intent,0.5388651490211487,0.2727609872817993,0.6252551078796387,1,0,0,3
clamber_998,Intent,0.24768805503845215,0.35965508222579956,0.2390962839126587,0,0,1,3
clamber_601,Intent,0.1730482578277588,0.2754817605018616,0.12248837947845459,1,0,0,3
clamber_72,Intent,0.12682455778121948,0.22525954246520996,0.2611284852027893,0,1,0,3
clamber_742,Intent,0.18059003353118896,0.2270132303237915,0.23812496662139893,0,0,0,3
clamber_1083,Intent,0.15960431098937988,0.46692562103271484,0.3203943371772766,0,0,1,3
clamber_1035,Intent,0.3764392137527466,0.9195656031370163,0.7402175962924957,1,1,1,3
clamber_1012,Intent,0.2723207473754883,0.9894305290654302,0.9222820401191711,1,1,1,3
clamber_1114,Intent,0.22877299785614014,0.16493558883666992,0.15212392807006836,1,0,0,3
clamber_906,Intent,0.7099484503269196,0.33999407291412354,0.6220911741256714,1,0,1,3
clamber_750,Intent,0.3691462278366089,0.911299355328083,0.6414254605770111,1,1,0,3
clamber_1195,Intent,0.2519458532333374,0.38338613510131836,0.19057393074035645,0,1,0,3
clamber_759,Intent,0.46882373094558716,0.4836786985397339,0.22944408655166626,1,0,0,3
clamber_153,Intent,0.313462495803833,0.34978723526000977,0.23841261863708496,0,0,0,3
clamber_963,Intent,0.2740267515182495,0.35286086797714233,0.22213506698608398,1,1,0,3
clamber_99,Intent,0.294014573097229,0.4387388229370117,0.28912675380706787,0,1,0,3
clamber_1190,Intent,0.3045406937599182,0.3930546045303345,0.31990110874176025,1,0,0,3
clamber_73,Intent,0.06766718626022339,0.2936561703681946,0.3339753746986389,0,0,1,3
clamber_124,Intent,0.3405550718307495,0.40544480085372925,0.28943300247192383,1,0,1,3
clamber_805,Intent,0.49273061752319336,0.559680163860321,0.6417444348335266,0,0,1,3
clamber_935,Intent,0.7016887366771698,0.7910936772823334,0.4011197090148926,1,0,0,3
clamber_1060,Intent,0.11360448598861694,0.09511560201644897,0.1622706651687622,1,1,0,3
clamber_1138,Intent,0.058582186698913574,0.1853085160255432,0.1888664960861206,1,0,0,3
clamber_23,Intent,0.3532823324203491,0.11866641044616699,0.2709887623786926,1,0,0,3
clamber_728,Intent,0.32895851135253906,0.299308180809021,0.1849139928817749,1,1,1,3
clamber_967,Intent,0.20448756217956543,0.1977938413619995,0.19027376174926758,1,0,0,3
clamber_942,Intent,0.31957030296325684,0.5470611453056335,0.25825369358062744,0,0,0,3
clamber_891,Intent,0.3908112049102783,0.3547322154045105,0.3479388356208801,1,0,1,3
clamber_1050,Intent,0.6362477540969849,0.9885470326989889,0.9299307987093925,1,1,0,3
clamber_884,Intent,0.18096530437469482,0.2820144295692444,0.2194983959197998,1,1,0,3
clamber_46,Intent,0.8478832542896271,0.7795397937297821,0.164420485496521,1,0,0,3
clamber_144,Intent,0.2093713879585266,0.9488832354545593,0.8542900383472443,1,0,1,3
clamber_1136,Intent,0.20228612422943115,0.3335690498352051,0.2420123815536499,0,0,1,3
clamber_1128,Intent,0.9358330816030502,0.30856794118881226,0.7238843739032745,0,0,0,3
clamber_886,Intent,0.42061400413513184,0.2659304738044739,0.2905682921409607,1,0,1,3
clamber_132,Intent,0.10358703136444092,0.43006235361099243,0.4640679955482483,1,1,0,3
clamber_167,Intent,0.21226143836975098,0.10801041126251221,0.14500445127487183,0,0,0,3
clamber_955,Intent,0.29166221618652344,0.24744629859924316,0.19223755598068237,1,0,0,3
clamber_1172,Intent,0.5415107011795044,0.6408061385154724,0.5143438875675201,0,0,0,3
clamber_1015,Intent,0.24418127536773682,0.9595211446285248,0.6865352690219879,1,1,1,3
clamber_828,Intent,0.256104052066803,0.9502208530902863,0.8654517233371735,0,1,1,3
clamber_580,Intent,0.25863826274871826,0.25082361698150635,0.14326322078704834,1,0,1,3
clamber_895,Intent,0.17941296100616455,0.3264350891113281,0.15094918012619019,1,1,1,3
clamber_102,Intent,0.2569538950920105,0.35222768783569336,0.17325693368911743,1,1,0,3
clamber_944,Intent,0.19556868076324463,0.30523252487182617,0.16667914390563965,1,0,1,3
clamber_1108,Intent,0.3145952820777893,0.41406774520874023,0.26737189292907715,1,1,0,3
clamber_974,Intent,0.27207428216934204,0.3860873579978943,0.15811049938201904,1,0,0,3
clamber_166,Intent,0.2368478775024414,0.3589184284210205,0.40182846784591675,0,1,1,3
clamber_934,Intent,0.1907435655593872,0.4276869297027588,0.2723022699356079,0,1,0,3
clamber_932,Intent,0.298298716545105,0.3780624270439148,0.2360905408859253,1,1,1,3
clamber_1049,Intent,0.3579407334327698,0.9376433230936527,0.7330055832862854,0,1,0,3
clamber_754,Intent,0.22719496488571167,0.30903708934783936,0.20142602920532227,0,0,0,1
clamber_10,Intent,0.16351735591888428,0.16788947582244873,0.17216134071350098,1,0,0,3
clamber_172,Intent,0.1538846492767334,0.164514422416687,0.08217465877532959,0,0,0,1
clamber_1187,Intent,0.2822498083114624,0.7765507847070694,0.6146042346954346,1,1,0,3
clamber_1185,Intent,0.19688266515731812,0.2142120599746704,0.20828092098236084,0,0,1,3
clamber_147,Intent,0.36811012029647827,0.3824427127838135,0.28031331300735474,1,0,1,3
clamber_798,Intent,0.23425143957138062,0.40306830406188965,0.2556283473968506,1,0,0,3
clamber_633,Intent,0.34769660234451294,0.3059666156768799,0.36070913076400757,0,1,0,3
clamber_1105,Intent,0.3124411106109619,0.46801072359085083,0.23036348819732666,0,1,1,3
clamber_1176,Intent,0.28699028491973877,0.5422484278678894,0.4314180612564087,1,0,0,3
clamber_1051,Intent,0.15771490335464478,0.23158752918243408,0.21625053882598877,1,0,0,3
clamber_86,Intent,0.20069468021392822,0.4053838849067688,0.2944585680961609,1,0,0,3
clamber_896,Intent,0.3246647119522095,0.34821248054504395,0.2480461597442627,1,1,1,3
clamber_141,Intent,0.23278456926345825,0.36217939853668213,0.3637930154800415,1,1,0,3
clamber_40,Intent,0.4115164279937744,0.5078933835029602,0.2654196619987488,0,0,1,3
clamber_26,Intent,0.3370134234428406,0.3443843126296997,0.39364492893218994,1,1,1,3
clamber_108,Intent,0.4469817280769348,0.8618049323558807,0.7520372867584229,1,1,1,3
clamber_1188,Intent,0.2697875499725342,0.2839391827583313,0.08226794004440308,0,0,1,3
clamber_2811,Linguistic,0.2797030210494995,0.0578920841217041,0.28632938861846924,1,0,0,3
clamber_1102,Intent,0.3153454065322876,0.2966707944869995,0.26915156841278076,1,0,0,3
clamber_2477,Linguistic,0.48287516832351685,0.4862598180770874,0.09734869003295898,1,0,1,3
clamber_2598,Linguistic,0.4348408579826355,0.37891101837158203,0.04419970512390137,0,0,0,1
clamber_956,Intent,0.24024736881256104,0.38535916805267334,0.3042083978652954,1,0,0,3
clamber_2882,Linguistic,0.21177387237548828,0.09908401966094971,0.17763549089431763,0,0,1,3
clamber_2812,Linguistic,0.31221550703048706,0.2823500633239746,0.3359431028366089,1,0,1,3
clamber_2580,Linguistic,0.5127851963043213,0.2164088487625122,0.4465407133102417,0,0,1,3
clamber_2604,Linguistic,5.960464477539063e-08,0.3269602656364441,0.3269602656364441,1,1,1,3
clamber_2423,Linguistic,0.0,0.0,0.0,1,1,0,3
clamber_3131,Linguistic,0.49689024686813354,0.2459234595298767,0.3907501697540283,1,0,1,3
clamber_2663,Linguistic,0.0,0.6860162317752838,0.6860162317752838,1,1,1,3
clamber_2868,Linguistic,0.3225170373916626,0.9034669473767281,0.5776439905166626,1,1,1,3
clamber_2559,Linguistic,0.29642367362976074,0.1064232587814331,0.2723279595375061,1,0,0,3
clamber_2675,Linguistic,0.4255438446998596,0.5178037285804749,0.6436597406864166,1,1,0,3
clamber_3163,Linguistic,0.35058778524398804,0.27227187156677246,0.2129383087158203,1,0,0,3
clamber_2524,Linguistic,0.0,0.3966017961502075,0.3966017961502075,0,0,0,3
clamber_2497,Linguistic,0.13516956567764282,0.5228508114814758,0.4942060708999634,0,1,0,3
clamber_3178,Linguistic,0.34065359830856323,0.24376130104064941,0.2075669765472412,0,0,1,3
clamber_3187,Linguistic,0.17185431718826294,0.07987624406814575,0.13586342334747314,1,1,0,3
clamber_2880,Linguistic,0.3312753438949585,0.29410862922668457,0.3445526361465454,1,0,0,3
clamber_2873,Linguistic,0.2122754454612732,0.07663017511367798,0.23096078634262085,1,1,1,3
clamber_2567,Linguistic,0.33476102352142334,0.2566659450531006,0.21519148349761963,0,0,0,3
clamber_2833,Linguistic,0.295604944229126,0.3742978572845459,0.33809441328048706,1,0,0,3
clamber_2436,Linguistic,0.3835105299949646,0.3871356248855591,0.25875699520111084,1,0,0,3
clamber_2407,Linguistic,0.8655272573232651,0.11282497644424438,0.900432251393795,0,0,0,1
clamber_2642,Linguistic,0.0,0.0,0.0,1,1,1,3
clamber_3193,Linguistic,0.37061744928359985,0.9895211085677147,0.8113787174224854,1,1,1,3
clamber_2827,Linguistic,0.33530735969543457,0.14714503288269043,0.25011515617370605,1,1,1,3
clamber_3198,Linguistic,0.19510722160339355,0.28563207387924194,0.17153972387313843,0,1,1,3
clamber_2624,Linguistic,0.4617948532104492,0.5568046867847443,0.1977100372314453,0,0,0,3
clamber_2791,Linguistic,0.059816956520080566,0.30493128299713135,0.2875204086303711,0,0,0,3
clamber_2863,Linguistic,0.1769823431968689,0.14736640453338623,0.22512608766555786,1,0,0,3
clamber_2864,Linguistic,0.2794722318649292,0.23577642440795898,0.32502758502960205,1,1,0,3
clamber_2529,Linguistic,0.2780075669288635,0.2784798741340637,0.2697981595993042,0,0,0,3
clamber_3197,Linguistic,0.5353401899337769,0.9378164410591125,0.8427964448928833,0,0,1,3
clamber_2645,Linguistic,0.34164857864379883,0.3559086322784424,0.2793325185775757,1,0,1,3
clamber_2834,Linguistic,0.18596529960632324,0.3837124705314636,0.3841210603713989,1,0,1,3
clamber_2635,Linguistic,0.4354085922241211,0.3008211851119995,0.6931185126304626,1,1,1,3
clamber_3144,Linguistic,0.4580938220024109,0.41504228115081787,0.38205212354660034,1,1,1,3
clamber_2728,Linguistic,0.10652792453765869,0.4672392010688782,0.31053268909454346,1,0,1,3
clamber_2522,Linguistic,0.0,0.0,0.0,0,1,0,3
clamber_2691,Linguistic,0.44273698329925537,0.4768858551979065,0.28103357553482056,1,0,1,3
clamber_2565,Linguistic,0.16373372077941895,0.4451479911804199,0.3108283281326294,1,0,1,3
clamber_3183,Linguistic,0.4953908324241638,0.8660002052783966,0.8040276020765305,0,1,1,3
clamber_2577,Linguistic,0.3068515658378601,0.5796882510185242,0.6370060741901398,0,0,0,3
clamber_2456,Linguistic,0.0,0.4476441740989685,0.4476441740989685,1,0,0,3
clamber_2708,Linguistic,0.06820070743560791,0.31112563610076904,0.33591437339782715,0,1,0,3
clamber_2767,Linguistic,0.0316469669342041,0.0316469669342041,0.0,1,0,1,3
clamber_2450,Linguistic,0.34906667470932007,0.34906667470932007,0.0,0,0,0,1
clamber_3184,Linguistic,0.28525078296661377,0.3662163019180298,0.21830826997756958,1,1,0,3
clamber_3123,Linguistic,0.3486862778663635,0.8018766939640045,0.8399227857589722,1,1,1,3
clamber_2753,Linguistic,0.19331061840057373,0.0,0.19331061840057373,0,1,0,3
clamber_2505,Linguistic,0.548143744468689,0.6228827238082886,0.07152068614959717,1,0,0,3
clamber_2556,Linguistic,0.1413077712059021,0.14019036293029785,0.09322226047515869,1,1,1,3
clamber_2714,Linguistic,0.0,0.22707736492156982,0.22707736492156982,1,0,1,3
clamber_3140,Linguistic,0.2839714288711548,0.41497188806533813,0.29631519317626953,0,0,1,3
clamber_2492,Linguistic,0.3050673007965088,0.617113471031189,0.5728087425231934,1,0,1,3
clamber_2467,Linguistic,0.09542787075042725,0.4624698758125305,0.29348182678222656,1,0,1,3
clamber_3176,Linguistic,0.357452392578125,0.45137888193130493,0.27149689197540283,0,1,0,3
clamber_2825,Linguistic,0.37728989124298096,0.12829327583312988,0.28239619731903076,1,0,1,3
clamber_2750,Linguistic,0.3313118815422058,0.15676987171173096,0.25662946701049805,0,0,1,3
clamber_2658,Linguistic,0.38475143909454346,0.26205193996429443,0.19833922386169434,0,1,0,3
clamber_2569,Linguistic,0.26575547456741333,0.0,0.26575547456741333,1,1,0,3
clamber_2896,Linguistic,0.26827943325042725,0.42643147706985474,0.27806830406188965,1,0,0,3
clamber_2857,Linguistic,0.2903510332107544,1.0,0.8257205635309219,1,1,0,3
clamber_2470,Linguistic,0.36550629138946533,0.36550629138946533,0.0,1,0,0,3
clamber_2689,Linguistic,0.20108669996261597,0.5875996053218842,0.5464912354946136,1,0,0,3
clamber_2618,Linguistic,0.36800944805145264,0.5067899823188782,0.16174912452697754,1,0,0,3
clamber_2870,Linguistic,0.181682288646698,0.9067389890551567,0.8123979270458221,1,0,0,3
clamber_3154,Linguistic,0.3681443929672241,0.4018877148628235,0.41910862922668457,1,0,1,3
clamber_2561,Linguistic,0.3904764652252197,0.2905459403991699,0.25789153575897217,0,1,1,3
clamber_3196,Linguistic,0.6481239795684814,0.847060039639473,0.5553997755050659,1,1,1,3
clamber_3122,Linguistic,0.37335753440856934,0.39754998683929443,0.4794888496398926,0,0,0,3
clamber_2418,Linguistic,0.5326548218727112,0.6243953704833984,0.20188868045806885,0,0,1,3
clamber_2503,Linguistic,0.21166861057281494,0.6037696003913879,0.46912479400634766,1,1,1,3
clamber_2760,Linguistic,0.15709328651428223,0.20829927921295166,0.13653850555419922,1,0,1,3
clamber_2848,Linguistic,0.9433115720748901,0.3935285806655884,0.6335195302963257,1,0,1,3
clamber_3190,Linguistic,0.307161808013916,0.3490722179412842,0.33250927925109863,0,0,0,3
clamber_3171,Linguistic,0.312713623046875,0.37099790573120117,0.3499740958213806,1,0,0,3
clamber_2442,Linguistic,0.19674384593963623,0.1833031177520752,0.2747719883918762,1,0,0,3
clamber_2829,Linguistic,0.26242876052856445,0.31373488903045654,0.2857857942581177,1,1,1,3
clamber_2891,Linguistic,0.33107542991638184,0.11790001392364502,0.27891993522644043,1,1,0,3
clamber_2414,Linguistic,0.39846503734588623,0.2440473437309265,0.36208587884902954,1,0,1,3
clamber_2852,Linguistic,0.4002099633216858,0.28357189893722534,0.15590322017669678,1,0,1,3
clamber_2592,Linguistic,0.0,0.0,0.0,1,1,1,3
clamber_2804,Linguistic,0.5123346447944641,0.0,0.5123346447944641,0,0,0,3
clamber_2876,Linguistic,0.34907883405685425,0.9055971950292587,0.6712147891521454,0,0,0,3
clamber_2544,Linguistic,0.2959391474723816,0.22323834896087646,0.0849805474281311,1,0,0,3
clamber_2903,Linguistic,0.1004636287689209,0.1576141119003296,0.14456504583358765,1,0,0,3
clamber_2630,Linguistic,0.5576408803462982,0.2622009515762329,0.43727147579193115,1,0,0,3
clamber_2850,Linguistic,0.21009981632232666,0.06591105461120605,0.2421797513961792,1,1,1,3
clamber_2835,Linguistic,0.30319488048553467,0.8377646058797836,0.5453330874443054,1,0,0,3
clamber_2648,Linguistic,0.0,0.0,0.0,0,1,0,3
clamber_2766,Linguistic,0.48157942295074463,0.6526274085044861,0.7712331712245941,1,0,0,3
clamber_3137,Linguistic,0.43456560373306274,0.8190833628177643,0.6799919605255127,1,0,1,3
clamber_3116,Linguistic,0.43947577476501465,0.5277183651924133,0.2727641463279724,1,0,0,3
clamber_3175,Linguistic,0.4391619563102722,0.9948854669928551,0.8838028013706207,0,1,0,3
clamber_2822,Linguistic,0.3833223581314087,0.45474040508270264,0.2215290069580078,0,0,0,3
clamber_2564,Linguistic,0.07073599100112915,0.3441288471221924,0.31627142429351807,1,1,0,3
clamber_2841,Linguistic,0.06468850374221802,0.13044661283493042,0.14553523063659668,1,0,1,3
clamber_3182,Linguistic,0.3184148669242859,0.26377689838409424,0.21043157577514648,1,1,0,3
